Title;Author;Date;Subtitle;Value;Entity;Text
Corte Constitucional no ‘eliminó’ el uso del lenguaje inclusivo;Luisa Fernanda Gómez Cruz;Sábado, 06 Febrero 2021;"La sentencia T-344/20 hace una aclaración previa sobre el uso, en esa providencia, del masculino genérico. Pero esto no crea precedente ni impide su uso en otros contextos.
";Cuestionable;Pas d'entité;"Desde la noche del 3 de febrero comenzó a circular en redes sociales el fragmento de un fallo de la Corte Constitucional que señala: “En la presente providencia el uso de los sustantivos masculinos genéricos se entiende que incluye en su referencia, en condiciones de plena igualdad y equidad, a hombres y mujeres sin distinción de sexo”. Y que, siguiendo las recomendaciones de la Real Academia Española, RAE, en materia del uso del lenguaje inclusivo, “en el texto de esta sentencia se prescindirá de la doble mención del género por considerarse innecesaria”. 
El tema continuó en la conversación de las redes sociales, particularmente Twitter, con opiniones a favor y en contra del texto mencionado anteriormente. Algunas de las cuales, sin embargo, contenían afirmaciones engañosas.
Una publicación de Facebook compartió, por ejemplo, una imagen, que también circuló en WhatsApp, que sostiene que “por fin no se volverá a escuchar todos y todas, jueces y juezas”. 
Carlos Felipe Mejía, senador del partido Centro Democrático, afirmó en su perfil de Facebook: “Importante fallo de la Corte para detener ideologías de género que dividen la sociedad”.
Y la revista Semana, al informar la noticia sobre el fallo, tituló: “Polémica: ¿Por qué la Corte Constitucional le dice ‘no’ al lenguaje inclusivo en Colombia?”.
Estas tres afirmaciones son cuestionables porque desconocen que el fragmento sobre lenguaje inclusivo del fallo no hace parte de la decisión de la alta corte. De hecho, el fallo ni siquiera tiene como tema central el lenguaje inclusivo.
La sentencia T-344 de agosto de 2020 fue dictada por el hoy exmagistrado Luis Guillermo Guerrero, junto con sus pares Alejandro Linares y Antonio Lizarazo (quienes salvaron parcialmente su voto). Esta providencia revisó dos tutelas de dos mujeres víctimas de violencia intrafamiliar que pedían protección, pues en instancias anteriores, los jueces que recibieron sus casos fallaron en su contra.
En medio de la revisión de los casos de las mujeres, el fallo hace una “aclaración previa” en la que se refiere al fragmento que circuló en redes: “El uso de los sustantivos masculinos genéricos se entiende que incluyen a hombres y mujeres”. 
Lina Fernanda Buchely Ibarra, PhD en Derecho de la Universidad de los Andes y docente de la Universidad Icesi, le explicó a Colombiacheck que las decisiones judiciales están divididas en dos partes: por un lado está la ratione decidendi, y por el otro, el obiter dicta. 
“La ratio es fundamentalmente la parte de la sentencia que es vinculante. La otra [el obiter] es considerada contexto y no hace parte de la argumentación, entonces no es vinculante”, dice Buchelly. 
Sobre este mismo tema se refirió Diego Castillo, especialista en Derechos Humanos y Derecho Internacional Humanitario: “La ratione decidendi es lo que hace que todos los jueces tengan que seguir esa misma línea. O sea, se vuelve un precedente. Los jueces se ven obligados a hacer caso de ese precedente. Pero no así con los obiter dicta”. 
Y la aclaración previa que hace la sentencia sobre el lenguaje inclusivo no hace parte de la ratio decidendi porque ese no es el asunto del que trata la sentencia, “no tiene referencia directa con el problema jurídico”, dice Buchelly. Simplemente está haciendo comentarios generales, una aclaración preliminar, sobre cómo se va a expresar.
Lina Céspedes, abogada y magíster en estudios de género, dice que la aclaración es como una convención en un mapa que indica cómo hay que leerlo. Pero no es una convención universal que indique cómo se deben leer todos los mapas. 
El abogado Mario Cajas, jefe Departamento de Estudios Jurídicos de la Universidad Icesi, por su parte señala: “La aclaración de la Corte en este fallo solo tiene el alcance de fijar un estilo en el mismo. De ninguna manera fija un precedente u ‘obliga’ a acogerlo en los demás fallos o por otros operadores jurídicos”.
En ese sentido, la Corte Constitucional no “acabó con el todos y todas”, ni le dijo “‘no’ al lenguaje inclusivo”. Por el contrario, este alto tribunal se ha referido en más de una ocasión al lenguaje inclusivo (aunque no exclusivamente para asuntos de género).
Quizá la sentencia más conocida en este sentido es la C-804 de 2006 que surgió de una demanda al Artículo 33 del Código Civil porque, esta norma, utiliza “el vocablo ‘hombre’ en su uso equivalente a género masculino para hacer referencia tanto a varones como a mujeres lo que implica ubicar a la mujer en una situación de dependencia y subordinación”. 
En esta sentencia, la corte le dio la razón al demandante, declaró inconstitucional la redacción original del artículo y afirmó: 
“El lenguaje es a un mismo tiempo instrumento y símbolo. Es instrumento, puesto que constituye el medio con fundamento en el cual resulta factible el intercambio de pensamientos entre los seres humanos y la construcción de cultura. Es símbolo, por cuanto refleja las ideas, valores y concepciones existentes en un contexto social determinado. El lenguaje es un instrumento mediante el cual se configura la cultura jurídica. Pero el lenguaje no aparece desligado de los hombres y mujeres que lo hablan, escriben o gesticulan quienes contribuyen por medio de su hablar, escribir y gesticular a llenar de contenidos las normas jurídicas en una sociedad determinada”.
En la sentencia C-042 de 2017, que trata sobre lenguaje inclusivo para casos de personas con discapacidad, la Corte Constitucional señaló que “en este sentido, [el lenguaje] puede ser modelador de la realidad o reflejo de la misma, proyectándose en el lenguaje jurídico y constituyéndose así en un factor potencial de inclusión o exclusión social”. Y citó otras 14 sentencias (incluida la C-804/06) en las que se refiere al lenguaje inclusivo.
Estas sentencias sí han creado precedente, porque tomaron decisiones de fondo sobre el tema. 
Ahora bien, más allá de esta sentencia, en términos generales la Corte Constitucional no puede “prohibir el uso del lenguaje inclusivo”.
“Las prohibiciones tienen que ser razonables y es completamente irrazonable que alguien controle la manera en que uno debe hablar. La única que se solicita, y es una especie de requisito, es un lenguaje respetuoso, por ejemplo a la hora de presentar derechos de petición”, dice Castillo, y explica que se puede desestimar un derecho de petición si está redactado de manera irrespetuosa. 
“Es lo único que se puede exigir en materia de lenguaje. Pero no pueden prohibir de ninguna manera usar o no una especie de lenguaje”, concluye Diego Castillo.
Los cuatro especialistas coinciden en que, por tratarse de una alta corte, esta aclaración tiene un fuerte potencial simbólico.
Según Céspedes y Castillo, es posible que la aclaración sí dé pie para que otros jueces la referencien y no quieran usar el lenguaje inclusivo. Pero, nuevamente, no porque la sentencia “obligue” a hacerlo, pues esta no tiene ningún efecto jurídico vinculante.
“El impacto en lo jurídico es que le da un golpe duro a unas conquistas respecto al lenguaje incluyente, a la necesidad que el Estado nombre a hombres y mujeres, y cuando quiera nombrarlos a los dos, haga un esfuerzo de inclusión”, dice Lina Céspedes.
La polémica en este caso, dice Céspedes, está en “reconocer el poder del lenguaje y no desconocer cuánto nos preocupa el lenguaje, porque si no, no vigilaríamos los insultos”. 
De modo que calificamos como cuestionables las afirmaciones que circulan en redes que señalan que con la sentencia T-344/20 se prohíbe el uso del lenguaje inclusivo.
"
Audio del ‘homeópata’ Rubén Carvajal es una mezcla de ideas falsas sobre el COVID-19;Gloria Correa;Viernes, 05 Febrero 2021;"En el audio que circula por WhatsApp se señala, erróneamente, que el virus es totalmente inofensivo y que las muertes han sido causadas por protocolos equivocados.
";Falso;Alfredo Rangel;"Un audio ha circulado por WhatsApp desde la segunda semana de enero y su versión transcrita también se difundió a través de Facebook (1 y 2). El hombre que habla en el audio dice ser un médico homeópata colombiano llamado Rubén Carvajal y transmite afirmaciones tergiversadas, así como algunas recomendaciones falsas sobre el COVID-19.

Carvajal, señala erróneamente, que el virus es totalmente inofensivo y que las muertes han sido causadas por protocolos equivocados. Además, sugiere tomar zumo de limón con cebolla, sábila y zanahoria para tratar el COVID-19, lo cual carece de evidencia científica.
Verificamos en la plataforma RetHus (Registro Único Nacional de Talento Humano en Salud) el nombre Rubén Carvajal para corroborar si correspondía a un médico colombiano, pero es homónimo de cuatro personas en el país, registradas en dicha plataforma; dos médicos generales, un ortopedista y un trabajador de farmacia, lo cual dificulta verificar la fuente real de quien difundió este audio, al no tener su documento de identidad u otros datos. 

Resultado de la búsqueda de Rubén Carvajal en la plataforma RetHus
Sin embargo, la familiaridad con la que inicia el audio hace sospechar sobre la fuente y confiabilidad del mismo, como explicamos en una nota previa acerca de aspectos que se deben tener en cuenta ante probables desinformaciones en redes sociales. 
El “homeópata” tampoco cita una fuente con validez científica para sus afirmaciones, más allá de que se basa en su “propia experiencia tratando gratuitamente pacientes con COVID-19 en el país”.
Lo dicho en el audio puede llevar a reducir las medidas de bioseguridad y aumentar el riesgo de contagio a quienes lo escuchen, por lo que en Colombiacheck decidimos verificar las afirmaciones más relevantes que él hace.
Rubén Carvajal, después de presentarse, afirma que “el COVID, ese virus tan temido, es totalmente inofensivo”, afirmación que repite más adelante al señalar, al final de la primera parte del audio “que el virus no es peligroso, es tan solo una gripe”. 
El “homeópata”, se equivoca desde un principio al referirse al COVID como ese “virus tan temido”, pues COVID-19 como explica la Organización Mundial de la Salud, corresponde a las siglas en inglés de “Coronavirus Disease 2019” o la enfermedad producida por el nuevo coronavirus; no nombra el virus en sí mismo, el cual es denominado SARS-CoV-2 o nuevo coronavirus.  
Carvajal también se equivoca al referirse al patógeno como un virus totalmente inofensivo.
A lo largo de la pandemia se han explicado las razones por las cuales el nuevo coronavirus, no resulta “tan inofensivo” a pesar de que un significativo porcentaje de personas infectadas pueden ser asintomáticas o sufrir una enfermedad leve. 
En los últimos 100 años, el mundo no enfrentó una pandemia similar en escala al COVID-19. El nuevo coronavirus, es un virus nunca antes visto en humanos, por lo cual a comienzos de la pandemia nadie era inmune o tenía defensas frente a éste.
Esto se suma al hecho de que se transmite tan fácilmente de persona a persona como la influenza y que infecta el sistema respiratorio, llegando a causar en algunos casos un síndrome de dificultad respiratoria aguda, (SDRA, por sus siglas), el cual se puede manifestar desde una enfermedad leve hasta una neumonía potencialmente mortal o una  afectación de múltiples órganos, en algunos casos produciendo devastadoras consecuencias y secuelas a largo plazo, o incluso la muerte. 
Al 5 de febrero de 2021, se han notificado a la Organización Mundial de la Salud, OMS, 104’370.550 casos confirmados de COVID-19 y 2’271.180 muertes, desde que inició la pandemia en 2019. Esto demuestra el impacto del nuevo coronavirus en el mundo no es el de “una simple gripe'', como intenta señalar Carvajal. 
La Organización Mundial de la Salud afirmó en un documento publicado en agosto de 2020, sobre la severidad del COVID19, que “una característica importante de una enfermedad infecciosa, particularmente una causada por un nuevo patógeno como el SARS-CoV-2, es su gravedad, incluida su capacidad de causar la muerte. Las tasas de letalidad ayudan a entender la gravedad de la enfermedad, a identificar las poblaciones en riesgo y a evaluar la calidad de la atención sanitaria”.
Diversas publicaciones y estudios (1,2,3, 4, 5) realizados a lo largo de la pandemia
han reportado que la mortalidad por COVID-19 aumenta con la edad y que las tasas de letalidad más altas se observan en personas mayores de 70 años.
También se ha demostrado que factores o condiciones crónicas como la obesidad, la hipertensión arterial, la diabetes, las enfermedades cardíacas, pulmonares y renales subyacentes, aumentan el riesgo de infección grave y la mortalidad por el nuevo coronavirus. 
Por otra parte, el porcentaje de asintomáticos infectados por el nuevo coronavirus es variable según la población analizada y las pruebas realizadas, contrario a lo que también intenta afirmar Carvajal en el audio. 
En un estudio publicado en la revista Annals of Internal Medicine en septiembre pasado, en el que analizaron 16 cohortes de pacientes con COVID-19, los autores establecieron que existe un gran obstáculo para distinguir a las personas asintomáticas de las meramente presintomáticas o que están en la fase inicial de la enfermedad y posteriormente desarrollarán síntomas.  
Sin embargo, concluyeron que “las personas asintomáticas parecen representar aproximadamente entre el 40% y el 45% de las infecciones por SARS-CoV-2 y pueden transmitir el virus a otras personas durante un período prolongado, quizás más de 14 días”.
Aunque la OMS ha aclarado que “la mayoría de las personas que contraen la COVID-19 pueden recuperarse y eliminar el virus de sus cuerpos y la mayoría de los pacientes se recuperan gracias a los cuidados de apoyo”, existe el riesgo de complicaciones y de enfermedad severa en aquellos con factores de riesgo, como señalamos previamente.
Por lo que concluimos que es erróneo afirmar que el nuevo coronavirus es un virus inofensivo y que causa simplemente una gripe, como señala el “homeópata” en el audio.
Carvajal continúa afirmando en el audio: “Los miles que han muerto son por protocolos equivocados. Al entrar el virus al cuerpo, el sistema inmunológico lo ataca con citocinas, que son antinflamatorias. El paciente sufre de fiebre, pierde el olfato, dolores de garganta y escalofríos. Se le debe suministrar acetaminofén para bajarle la fiebre … Pero no saben lo que pasa en su cuerpo, en donde la sangre empieza a coagularse y hacer trombos, asegurando el hospital que el paciente murió por Covid. Los trombos obstaculizan los riñones y provocan insuficiencia renal; el paciente se empieza a ahogar y le colocan un respirador artificial que no sirve para nada”, continúa el homeópata en el audio. 
En realidad, la causa de muerte de quienes están infectados por el nuevo coronavirus han sido las devastadoras consecuencias que produce el virus en el organismo de quienes desarrollan una enfermedad severa o crítica, caracterizada por el SDRA, el cual  suele llevar a disfunción de múltiples órganos como explica la OMS en sus guías de manejo sobre la enfermedad.
El hallazgo más importante evidenciado en autopsias realizadas a pacientes que fallecieron por COVID-19 ha sido el daño alveolar difuso (DAD), según han reportado en varias publicaciones científicas (1, 2, 3 y 4). 
También, miles de publicaciones científicas a lo largo de la pandemia han explicado lo que hace el SARS-CoV-2 en el cuerpo humano (1, 2, 3, 4 y 5), gracias a lo cual los médicos que tratan pacientes con COVID-19 han aumentado sus conocimientos al respecto y también se ha podido determinar la mayor o menor eficacia de ciertos tratamientos en este contexto, por lo que las muertes no se pueden atribuir sencillamente a los protocolos equivocados, como señala Carvajal en el audio. 
El “homeópata”, al referirse a que en el cuerpo el sistema inmune ataca el virus con citocinas antiinflamatorias, distorsiona la realidad. El sistema inmune sí produce  citoquinas frente al virus, pero estas son sustancias proinflamatorias (1, 2 y 3), es decir, buscan favorecer la inflamación y alertar a otras células con el fin de atacar al virus, no son antiinflamatorias como señala Carvajal. 
En algunos infectados, esa respuesta es tan exagerada que genera lo que se denomina una tormenta de citoquinas, lo que puede resultar devastador para el organismo e inclusp causarle la muerte. 
El COVID-19 sí puede incluir, entre otros signos y síntomas, efectos en la coagulación y favorecer la formación de trombos, como afirma Carvajal en el audio, pero esta condición se ha asociado principalmente a pacientes con enfermedad moderada a severa desde comienzos de la pandemia (1, 2 y 3) y por esa razón se incluyó el uso de anticoagulantes como la heparina en los protocolos de manejo en pacientes con COVID-19 que requieren hospitalización, según señala el Ministerio de Salud en Colombia. 
Es así como los médicos ya saben qué suele pasar en el cuerpo a causa de la infección por el nuevo coronavirus, contrario a lo que intenta afirmar Carvajal.
En medio de las ideas tergiversadas que afirma, Carvajal acierta en la indicación que se hace a pacientes con síntomas leves, o que presentan dolor de cabeza, malestar general, fiebre, pérdida del gusto o el olfato, dolor de garganta o escalofríos: el manejo sintomático con analgésico y antipiréticos, como acetaminofén. Tanto las guías de manejo del Ministerio de Salud y las recomendaciones sugeridas por la OMS, indican lo mismo asociado al aislamiento en casa y vigilancia de los signos de alarma para acudir oportunamente al hospital. 
El uso de ventilación mecánica, o como lo llama Carvajal “respirador artificial”, es el último escalón en el manejo de los pacientes COVID-19 críticos, siendo la tasa de mortalidad en estos casos alta, principalmente debido a la severidad de la infección, los efectos del virus en todo el organismo y en algunos casos al uso de la ventilación mecánica. 
Sin embargo, otros pacientes se han salvado gracias a la disponibilidad de dichos equipos médicos así como a la atención dada en las Unidades de Cuidados Intensivo (UCI). Según un estudio que analizó las tasas de mortalidad por COVID-19 en las UCI de 24 países, e incluyó a 10.150 pacientes, a medida que la pandemia progresó, las tasas de mortalidad en la UCI notificadas se redujeron de más del 50 por ciento en marzo de 2020 a cerca del 40 por ciento a finales de mayo de 2020, lo que evidencia que el manejo en UCI de estos pacientes, el cual suele incluir soporte ventilatorio, es útil.
Así pues, en esta parte el homeópata mezcla ideas distorsionadas sobre el COVID-19 para transmitir un falso mensaje sobre el manejo de la enfermedad. 
En el audio, el homeópata, continúa señalando: “Le suministramos un antiplaquetario natural, utilizando un vaso de zumo de limón, licuándole media cebolla cabezona, cristal de sábila y zanahoria, para proteger el estómago”. 
Pero Colombiacheck ya ha explicado en varias oportunidades (1, 2 y 3) que mezclas como la sugerida por Carvajal, que incluyen limón en combinación con otras sustancias naturales o medicamentos, no matan el coronavirus y tampoco se ha demostrado que tales combinaciones tengan un efecto antiplaquetario.
En el mismo sentido, colegas de la Red Internacional de Verificadores (IFCN, por sus siglas en inglés) de la que Colombiacheck hace parte, como Maldita, AFP Factual, Animal Político, Salud con Lupa y Newtral, han señalado a lo largo de la pandemia que no hay evidencia del uso de limón o combinaciones de éste con alimentos para prevenir o tratar el COVID-19 .
Carvajal también recomienda administrar Ibuprofeno para los síntomas del paciente y para la tos, dar Azitromicina.  
Sobre el Ibuprofeno señalamos previamente que la misma OMS desde marzo de 2020, aclaró que se puede utilizar este medicamento para manejo de los síntomas ya que no se encontró evidencia suficiente que permitiera asociar un agravamiento de la infección por COVID-19 por el consumo de este medicamento u otro tipo de antiinflamatorios, sin embargo, recomiendan privilegiar el uso de acetaminofén. 
Respecto a la Azitromicina, como también lo explicamos en otros chequeos, se trata de un antibiótico que no está indicado para el tratamiento del COVID-19. Éste se usa para el manejo de neumonía por bacterias o sospecha de neumonía por COVID-19 sobreinfectada y debe ser prescrito por el médico tratante. 
La OMS, señala sobre los antibióticos en COVID-19: “No se deben usar antibióticos como medio de prevención o tratamiento de la COVID‑19 (...) Solo deben usarse para tratar una infección bacteriana siguiendo las indicaciones de un médico”. Lo que permite afirmar que no está indicada para la tos como afirmó Carvajal. 
Así concluimos que el audio del “homeópata” Rubén Carvajal distorsiona ideas y recomendaciones en el manejo del COVID-19 para transmitir un falso mensaje sobre la enfermedad. 
"
"‘Changó, el gran putas’, no son “actos de santería” en el Metro de Medellín; es literatura";Mónica Ospino Orozco;Viernes, 05 Febrero 2021;"El Metro de Medellín ‘vistió’ uno de sus trenes con un fragmento de la obra de Zapata Olivella que en Twitter fue calificado como “actos de santería”, desconociendo que se trata de una obra literaria.
";Falso;Pas d'entité;"Un fragmento de una de las obras cumbre de la literatura afrocolombiana, de autoría de Manuel Zapata Olivella, fue protagonista de una desinformación en Twitter hoy 5 de febrero.
Andrés Rodríguez, director de la corporación Medellín Cuenta Conmigo y uno de los promotores de la revocatoria del alcalde de esa ciudad, Daniel Quintero, cuestionó en un trino la decisión del Metro de Medellín de instalar un vinilo con un fragmento de Changó, el Gran Putas.
En el mencionado trino, Rodríguez asegura: “Yo no quiero parecer mojigato, tampoco un santo. Pero hay cosas que entiendo muy bien, temas que no mucha gente tiene el discernimiento de comprender, pero se como se presenta la maldad y la codicia, a través de actos de santería. Le parece a usted, esto normal? En el metro?”. 
El trino en cuestión ya tiene más de 192 me gusta, 135 retuits y 173 tuits citados.

 
Entre los mensajes del trino encontramos publicaciones como estas:

El Metro de Medellín aclaró, en respuesta a uno de los tuiteros que cuestionaron directamente la imagen del metro publicada por Rodríguez, que “la foto que nos muestras hace referencia al tren conmemorativo de la @FiestaLibro y la Cultura 2020, denominado ‘Diáspora Africana en Colombia: un cantar traído por el mar’. En él hay 12 obras de escritores afrocolombianos”.
Y es que cabe recordar que el 2020 fue declarado por el Ministerio de Cultura como el Año del Centenario de Manuel Zapata Olivella y es por eso, entre otras cosas, que parte de su obra se usó en el tren conmemorativo que el Metro de Medellín “vistió” en octubre de 2020, como lo menciona en este trino del 2 de octubre de ese año.
Es que lo que aparece en el vinilo no son actos de santería sino un fragmento de la obra Changó, el gran putas, en el tren conmemorativo de la Fiesta del Libro 2020.
En su momento, la entonces ministra de Cultura, Carmén Inés Vásquez, dijo “durante 2020 vamos a tener actividades académicas en torno a la vida y obra de Zapata Olivella. También en la Feria del Libro de Bogotá -FILBo-; en la Feria del Libro de Madrid, en donde Colombia será país invitado de honor y, también, en las Ferias regionales del libro. Vamos, además, a movilizar la Red de Bibliotecas Públicas para que divulgue la obra y desarrollen actividades de promoción de lectura en torno a ella, y buscaremos que a la conmemoración se articulen las secretarías de Cultura del país"".
La santería, término al cual se refirió también Rodríguez al calificar la obra de Zapata Olivella, según esta definición de la RAE, lejos está de ser satanismo, o promover maldad y codicia, pues es un “Sistema de creencias religiosas y cultos que tiene como elemento esencial la adoración de deidades surgidas del sincretismo entre creencias africanas y la religión católica”.
Es considerada la obra cumbre de Zapata Olivella, escrita tras más de 20 años de investigación y de acuerdo con decano de la Facultad de Humanidades de la Universidad del Valle y uno de los principales conocedores e investigadores de la obra del mencionado autor, Darío Henao Restrepo, “está escrito en unos códigos de la mitología yorubana que no es común, algo que explico en mi libro ‘El código Changó’, para leerlo es necesario hacer un esfuerzo por comprender sus referentes. En esto llevo más de 20 años, estudiando la obra de Manuel, y he aprendido que lo primero que debemos hacer con el que no la conoce es enamorarlo de la obra, basándose en su fondo mitológico africano, para que entienda quién es Changó, Yemayá, Ogún, Eleguá”, dijo en esta entrevista que le concedió a El País el 2 de agosto de 2020.
En una reseña que hace de esta obra, la Biblioteca del Banco de la República describe que Manuel Zapata Olivella “durante veinte años investigó para su novela central ‘Changó, el gran putas', cuya solución poética encontró luego de pasar una noche desnudo en una de las oscuras y sofocantes bóvedas de la fortaleza de la isla Goré, prisión de Senegal en la cual eran recluidos los africanos cazados, antes de su traslado en barcos al Nuevo Mundo”. 
“Esta novela y gran epopeya es un inmenso fresco que cubre quinientos años de historia, para la cual Zapata recurrió a lo que denominó ‘realismo mítico’”, señala la reseña. 
Y agrega: “Da cuenta de los dioses tutelares y cosmovisión de la religión yoruba, incorpora proverbios, trabalenguas, cuentos de hadas y canciones de la tradición africana. Recorre las hazañas de los héroes negros en las revoluciones americanas. Zapata demuestra que los negros nunca impusieron nada a nadie, más bien contagiaron su baile, sensualidad, comida, lenguaje. El profesor Darío Henao Restrepo, en el prólogo, explica la concepción subyacente a esta obra: el principio filosófico del muntu, que rige su elaboración poética, implica una connotación del hombre que incluye a los vivos y difuntos, así como animales, vegetales, minerales y cosas que le sirven. Se trata de una fuerza espiritual que une en un solo nudo al hombre con su ascendencia y descendencia, inmersos en el universo presente, pasado y futuro"".
Es por estas razones que calificamos como falsa la afirmación de que la obra de Zapata Olivella exhibida en un tren del Metro de Medellín sea “actos de santería” hecha por Andrés Rodríguez; pues se trata de una obra de la literatura.
Y como bien lo dijo Zapata Olivella en las primeras líneas de su obra cumbre: “Sube a bordo de esta novela como uno de los tantos millones de africanos prisioneros en las naos negreras; y siéntete libre aunque te aten las cadenas. ¡Desnúdate!”. 

 
"
Darío Acevedo exageró sobre imputación en JEP y viejas condenas contra bancada de ex-FARC;José Felipe Sarmiento;Viernes, 05 Febrero 2021;El director de Memoria Histórica pidió que renuncien todos los congresistas del partido Comunes con base en generalizaciones sobre su situación ante la justicia, en las que solo encaja una minoría.;Cuestionable;Darío Acevedo;"En entrevista con W Radio el pasado 2 de febrero, el director del Centro Nacional de Memoria Histórica (CNMH), Darío Acevedo, dijo que “estos congresistas, que están ahí por un pacto de paz, están siendo acusados por la Jurisdicción Especial para la Paz [JEP] de crímenes de guerra y lesa humanidad” y agregó que “ya fueron condenados por la justicia ordinaria a cientos de años de cárcel”.
El historiador le dijo a Colombiacheck que se refería, sin excepciones, a toda la bancada del partido Comunes, surgido a partir del paso a la vida civil de la antigua guerrilla de las FARC y que conservó la misma sigla como Fuerza Alternativa Revolucionaria del Común hasta enero. “Francamente, por lo que plantea el presidente de la JEP [Eduardo Cifuentes], es toda la bancada la que está ahí; son altos dirigentes, son políticas que fueron asumidas, defendidas e impulsadas por el secretariado y los mandos nacionales”, argumentó.
El pronunciamiento surgió a raíz de la primera imputación que hizo el sistema de justicia transicional creado por el Acuerdo Final de Paz del Teatro Colón contra exintegrantes del desaparecido grupo armado. Pero las dos frases de Acevedo son cuestionables porque ni esta decisión ni las condenas previas de la justicia ordinaria cobijan a todos los actuales senadores y representantes de la actual agrupación política.
El 28 de enero, la Sala de Reconocimiento de Verdad, de Responsabilidad y de Determinación de los Hechos y Conductas (SRVR) de la JEP emitió un auto con el que señaló formalmente a ocho exmiembros del secretariado de las FARC como los máximos responsables en el macrocaso 01. Este se refiere a la “toma de rehenes y otras privaciones graves de la libertad”.
El mismo expediente es comúnmente referido como el de “secuestro” y fue bautizado en principio como “retenciones ilegales” con base en el informe al respecto que entregó la Fiscalía General de la Nación (ver chequeo). La misma providencia le cambió la denominación, precisamente para ponerla en concordancia con los crímenes de guerra y delitos de lesa humanidad determinados por los magistrados.
Estas conductas, además de las mencionadas en el título, incluyen homicidios, desapariciones forzadas, torturas, tratos crueles e inhumanos, atentados contra la dignidad de las personas y violencia sexual. En algunos casos, los señalamientos son como coautores y en otros, por responsabilidad de mando aunque no los hubieran cometido de forma directa.
Los imputados son:
Es decir que solo dos de los ocho son congresistas. Los demás integrantes de la bancada, que no fueron afectados por la providencia, son:
Si bien todos están sometidos a la JEP por ser excombatientes de las FARC, no tienen todavía una imputación en contra como la que cobija a Gallo y Torres. De hecho, Albán rindió versión en el mismo caso pero no fue incluído en el auto, Zúñiga lo hizo en el 04 (sobre la situación territorial en el Urabá) y Restrepo dio su testimonio en el proceso sobre las medidas cautelares por las desapariciones en el área de la represa de Hidroituango.
Luis Alberto Albán, antiguo jefe de las extintas Farc-EP, compareció el pasado 22 de abril ante la Sala de Reconocimiento de la JEP, luego que esta les ordenara a los 31 miembros del Estado Mayor de esa guerrilla rendir versión en el marco del caso 001, conocido como secuestro.
Israel Alberto Zúñiga Iriarte, excomandante de las FARC-EP, quien era conocido como ""Benkos Bioho"", rindió versión ante la #JEP el pasado 6 de marzo, en el marco de este caso (#Caso04). #VersionesEnLaJEP
El testimonio de Restrepo, quien fue uno de los comandantes del Bloque Noroccidental de las Farc–EP, se dio en el marco del estudio de las medidas cautelares que la JEP podría tomar en la zona de influencia de Hidroituango, donde podría haber cuerpos de personas desaparecidas. pic.twitter.com/jW2PihURdU
De modo que lo dicho por Acevedo con relación a la decisión de la JEP y sus efectos sobre los congresistas de las FARC es cuestionable porque solo acierta en algunos casos. Lo mismo ocurre con su pasado en la justicia ordinaria.
Sobre el dato de los “cientos de años” de condenas contra los parlamentarios de Comunes que dio en la emisora, el director del CNMH le recordó a Colombiacheck que, antes del Acuerdo de Paz de 2016, “generalmente aparecían informes de la Fiscalía General de la Nación sobre cada caso” en los que se presentaba esa información. “Obviamente eso era una figura que era sumatoria”, explicó.
Sin embargo, los pasados judiciales de los congresistas de Comunes no siempre confirman esa operación matemática. Otra vez, son más la excepción que la regla.
Un chequeo anterior ya había comprobado que al senador Gallo nunca lo condenaron por ningún delito antes de la entrada en vigencia del Acuerdo del Colón. Sus antecedentes están limpios pese a que existen en su contra denuncias por delitos sexuales y procesos por homicidio, secuestro, desplazamiento forzado y desaparición. Sandino, Lobo, Zúñiga, Cala, Carreño y Restrepo están en la misma situación.
En cambio, uno de los que sí tienen condenas en el sistema ordinario es Albán. No obstante, las decisiones en su contra por terrorismo, homicidio en persona protegida, toma de rehenes y apoderamiento de aeronaves u otros medios de transporte colectivo suman 85 años de prisión y no “cientos”.
La Procuraduría General de la Nación también tiene registro de sentencias contra Torres Victoria que dan 243 años de prisión en total por homicidios o tentativas, secuestros, desplazamiento forzado, terrorismo, hurtos y rebelión. De modo que Catatumbo es el único de la bancada que cabe en las dos afirmaciones que hizo Acevedo en la entrevista radial.
No obstante, hay que tener en cuenta que la rebelión es un delito político y, por tanto, está cobijado por la Ley de Amnistía junto con otras conductas conexas, como el apoderamiento de aeronaves y otros medios de transporte colectivo cuando no está en concurso con secuestro. Eso sí: la misma norma establece que los crímenes de guerra o lesa humanidad, como los contenidos en la reciente imputación, no caben en esa categoría y, por el contrario, deben ser investigados, juzgados y sancionados. 
Entre tanto, las penas de la justicia ordinaria fueron suspendidas en virtud de la reforma constitucional que creó el Sistema Integral de Verdad, Justicia, Reparación y No Repetición al que pertenece la JEP, hasta que esta se pronuncie al respecto. La sentencia de la Corte Constitucional que avaló esa medida también aclaró que el tribunal transicional será el que decida sobre la compatibilidad con la participación política de las sanciones que imponga.
Al momento de definirlo, los magistrados deberán tener en cuenta varios factores, incluyendo el cumplimiento de las exigencias del acuerdo por parte del respectivo compareciente. Sobre todo, la providencia estableció que la decisión de la nueva jurisdicción tendrá que “asegurar los derechos de las víctimas a la verdad, la justicia, la reparación y no repetición”.
Mientras llegan esas decisiones, Acevedo puede afirmar que los exguerrilleros “le harían un favor al país” al renunciar, como lo hizo en W Radio. Es su opinión y, como tal, no es verificable para la metodología de Colombiacheck. Pero es cuestionable que, a partir de la situación judicial de tres congresistas del partido Comunes, diga que toda la bancada tiene los mismos cargos en contra y que todos fueron condenados por la justicia ordinaria a cientos de años de cárcel.
"
A Ángela Robledo le faltó precisión al hablar de 98 por ciento de impunidad en violencia de género;Luisa Fernanda Gómez Cruz;Jueves, 04 Febrero 2021;Sí hay 97 por ciento de impunidad en violencia sexual en el marco del conflicto, pero en los casos que se siguen de los autos 092 de 2008 y 009 de 2015 de la Corte Constitucional.;Cuestionable;Ángela María Robledo;"En medio de la polémica generada por la renuncia de Ángela María Robledo al movimiento Colombia Humana (el pasado 18 de enero), la representante dio entrevistas a varios medios de comunicación, como RCN Radio, El Espectador y el medio feminista Manifiesta. 
En esta última, Robledo habló de otros temas, además de su relación con Gustavo Petro, su situación con la Alianza Verde y sus aspiraciones políticas. Manifiesta le consultó a la representante su opinión sobre las violencias basadas en género, pues a 21 días del 2021, se registraban 18 feminicidios, a lo que Robledo respondió:
“Sobre los feminicidios no hay ninguna voluntad realmente. Una línea… eso no resuelve nada. Aquí debió haber trabajo de campo, identificar las alertas. De qué vale recibir una llamada si a los ocho días matan a la mujer. Aquí no hay una voluntad integral para proteger la vida de las mujeres (…) no se aplican las leyes. Está nuestra ley, la 1719, la que hicimos con Iván Cepeda y eso se queda en los escritorios de los jueces y los fiscales. 98 por ciento de impunidad en los casos de violencia contra las mujeres. No, la tarea tiene que ser gigantesca y de largo aliento”. (Copiamos tal cual la respuesta que aparece en la entrevista publicada por Manifiesta el 21 de enero. La negrilla es nuestra para marcar la afirmación que estamos verificando).
En Colombiacheck quisimos verificar la veracidad de la cifra entregada por Robledo: “98 por ciento de impunidad en los casos de violencia contra las mujeres”. Por lo que consultamos al equipo de prensa de la representante por la fuente de su información. 
Nos respondieron por WhatsApp que “esa cifra no hace referencia ni a los feminicidios ni a la violencia en general”, sino “a los casos de violencia sexual contra mujeres en el marco del conflicto armado. Es una cifra que maneja la campaña No es Hora de Callar [del periódico El Tiempo]”. Y señalaron: “Quizá Ángela no aclaró la cifra sobre qué específicamente hablaba” y nos sugirieron consultar con las periodistas de Manifiesta si la entrevista había sido editada por ellas, de forma que no hubiese quedado completa la respuesta de Robledo tras la revisión para su publicación en el medio.
La edición de Manifiesta, sin embargo, fue poca y Ángela María Robledo sí mezcló datos, fuentes, distintas manifestaciones de la violencia contra las mujeres y no proporcionó suficiente contexto sobre cada asunto en su respuesta. Por eso calificamos su frase como cuestionable.
Esta fue la respuesta sin edición de la entrevista. Resaltamos en negrilla lo que fue cambiado por el medio:
“Aquí no hay una voluntad integral para proteger la vida de las mujeres, eso lo dice la fundación contra el feminicidio en Colombia y no se aplican las leyes. Está nuestra ley, la 1719, la que hicimos con Iván Cepeda y eso se queda en los escritorios de los jueces y los fiscales. 98 por ciento de impunidad de la violencia contra las mujeres. No, la tarea tiene que ser gigantesca y de largo aliento”. 
Haciendo una búsqueda sencilla en Google descubrimos que no es la primera vez que Robledo refiere esta cifra. 
El 5 de marzo de 2012, el diario El Nuevo Siglo publicó un artículo que comienza con este párrafo: 
“La violencia sexual es un crimen invisible y con una impunidad en Colombia que llega al 98 por ciento, señaló la representante a la Cámara, Ángela Robledo, previo a la celebración el jueves del Día Internacional de la Mujer”.
Más adelante, El Nuevo Siglo cita a Robledo (en ese entonces también representante a la Cámara): 
“‘En el 2008 la Corte Constitucional ordenó a las Fiscalía investigar 183 casos de los cuales no se conoce aún ninguna condena. Amnistía Internacional ha advertido que el permanente silencio del Estado y la ausencia de acciones de justicia efectivas son mensajes de tolerancia y fomento del delito que hoy exhibe un lamentable 98% de impunidad’, sostuvo Robledo”.
Tres días después, el 8 de marzo de 2012, la revista Semana publicó un artículo similar titulado “Violencia sexual en el conflicto armado, delito con 98% de impunidad”, en el que cuenta que Ángela María Robledo “presentó un proyecto de ley en el Congreso que pretende garantizar el acceso a la justicia de las mujeres víctimas y que las sanciones a los victimarios sean más efectivas” (este proyecto se convertiría, dos años más tarde, en la ley 1719 de 2014 que menciona la representante en la respuesta que le dio a Manifiesta y de la hablamos más adelante).
Este artículo menciona, al igual que El Nuevo Siglo, que en 2008 la Corte Constitucional le ordenó a la Fiscalía investigar 183 casos de violencia sexual y que después de cuatro años no se conocen condenas en ninguno de ellos.
Y señala Semana: “Hoy, la violencia sexual contra la mujer en Colombia, dice Aministía [Internacional], ‘exhibe el 98% de impunidad’”.
Consultamos al equipo de prensa de Amnistía Internacional por esta publicación, y nos refirieron al informe “Eso es lo que nosotras exigimos. Que se haga justicia”, publicado en 2011.
La página 18 de este en efecto dice que la Corte Constitucional le pidió (a través del Auto 092 de 2008) a la Fiscalía General de la Nación que investigara 183 casos individuales de violencia contra mujeres desplazadas, la mayoría relacionados con el conflicto, y que garantizara la verdad, la justicia y la reparación a estas mujeres.
“Sin embargo”, dice el informe, “la Fiscalía ha hecho pocos avances en las investigaciones. En septiembre de 2010 solo habían incluido cinco de los casos, con fallos de culpabilidad en cuatro”. Esos cuatro casos con fallos representan el 2,1 por ciento. De aquí se deriva que el 97,9 por ciento de los casos estarían sin resolver. Pero en ninguna parte del informe de Amnistía Internacional esta organización menciona explícitamente la cifra del 98 por ciento de impunidad.
Para entender más el tema alrededor del auto 092 de 2008, consultamos a la corporación Sisma Mujer, quienes nos compartieron una publicación de Twitter de la misma organización, realizada el 12 de noviembre de 2020, que dice que “transcurridos siete años el nivel de impunidad supera el 97% de todos los casos de violencia sexual asociados al conflicto armado”.
#97PorCiento | Con este hecho se constata la continuidad de los riesgos para las mujeres en prácticas utilizadas en delitos de violencia sexual por todos los actores implicados. pic.twitter.com/Z9JY7LRMaW
Señalaron, además, que sí es correcto que la impunidad en casos de violencia sexual en el marco del conflicto armado supera el 97 por ciento, tomando como referencia los casos incluidos por la Corte Costitucional en los autos 092 de 2008 y 009 de 2015, y nos proporcionaron dos informes (el sexto y el séptimo) de la Mesa de Seguimiento de los autos anteriormente mencionados. 
El auto 092 de 2008 de la Corte Constitucional ordena la adopción de medidas para proteger los derechos fundamentales de las mujeres desplazadas por el conflicto armado en Colombia y la prevención de la violación de estos derechos, bajo el “presupuesto fáctico” de que el conflicto armado interno y el desplazamiento forzado afectan de forma desproporcionada a las mujeres, y las expone al riesgo de violencia y abusos sexuales.
Por su parte, en el auto 009 de 2015, la misma corte insiste en la persistencia de esas violencias, menciona los problemas de atención que siguen presentando las víctimas de violencia sexual en el marco del conflicto armado interno y reitera obligaciones constitucionales que recaen sobre el Estado colombiano. “Especialmente, en las derivadas del deber de debida diligencia en materia de prevención, atención, protección y los derechos a la verdad, justicia, reparación y garantías de no repetición a favor de las víctimas”, señala la providencia.
La Mesa de seguimiento de los autos 092 de 2008 y 009 de 2015 y Anexos Reservados de la Corte Constitucional, como su nombre lo indica, fue creada para hacer un seguimiento al cumplimiento por parte del Estado de las determinaciones de la corte.
Y según el sexto informe de la misma, la Mesa está conformada por la Alianza Iniciativa de Mujeres Colombianas por la Paz, el Centro de Estudios de Derecho, Justicia y Sociedad, el Colectivo de Abogados José Alvear Restrepo, la Comisión Colombiana de Juristas, la Consultoría para los Derechos Humanos y el Desplazamiento, la Corporación Casa de la Mujer, la Corporación Sisma Mujer, la Liga de Mujeres Desplazadas, la Mesa de Trabajo Mujer y Conflicto Armado, el Observatorio Género, Democracia y Derechos Humanos, la Organización Nacional Indígena de Colombia y la Ruta Pacífica de las Mujeres. Además del acompañamiento de ONU mujeres. 
Entre estas organizaciones no aparece la campaña “Es hora de callar” del periódico El Tiempo, como señaló el equipo de prensa de Ángela María Robledo. De hecho, hicimos una búsqueda en Google con las palabras “No es hora de callar”, “Violencia sexual” y “98 por ciento de impunidad”, y solo encontramos notas de prensa de la campaña relacionando otros hechos e historias.
Lo que dice el séptimo informe de la Mesa (el más reciente, con corte a noviembre de 2019) es que del total de eventos de violencia sexual a los cuales hace seguimiento la Mesa (es decir 634, enmarcados en los autos 092 de 2008 y 009 de 2015), solo en 16 “se ha obtenido una decisión de fondo responsabilizando penalmente a los agresores”. Esto es, dice el séptimo informe, el 2,4 por ciento. 
Por lo cual, “se observa, en suma, [...] la casi total impunidad: en 97[,6] % de todos los eventos de violencia sexual que componen los dos anexos reservados”.
Esta cifra no representa el universo de casos de violencia sexual que se presentan en el país, ni el total de casos de violencia sexual en el marco del conflicto armado: únicamente los casos a los cuales hace seguimiento la Mesa de la cual hace parte Sisma Mujer. De modo que Ángela María Robledo estaría bastante cerca en la cifra que dio, aunque no en el contexto de la misma.
Como señalamos, en su respuesta a Manifiesta Robledo se refirió también a la ley 1719 al denominarla como “la que hicimos con Iván Cepeda”. 
En efecto, la Ley 1719 de 2014 “fue presentada por el senador John Sudarsky e impulsada por los representantes Iván Cepeda y Ángela Robledo”, de acuerdo con el portal Razón Pública, lo que mencionamos anteriormente que publicó Semana y la Gaceta del Congreso del viernes 27 de julio de 2012.
Esta ley modifica y adiciona algunos artículos del código penal para “garantizar el acceso a la justicia de las víctimas de violencia sexual, en especial la violencia sexual con ocasión del conflicto armado”. Y se fundamentó, entre otras razones, en el seguimiento al cumplimiento (o la falta de éste) del auto 092 de 2008.
En este sentido es que se puede entender que la representante haya mezclado la ley con la cifra de violencia sexual contra mujeres de la Mesa de seguimiento de los autos de la Corte Constitucional.
De modo que calificamos como cuestionable la frase de Ángela María Robledo, pues si bien la cifra es similar a la de la Mesa de Seguimiento de los autos del alto tribunal acerca de los casos no esclarecidos de violencia sexual en ocasión del conflicto, esta no es la cifra de la impunidad “de violencia contra las mujeres” en términos generales. 
"
Declaraciones de Patarroyo sobre las vacunas contra COVID-19 están desactualizadas;Gloria Correa, Mónica Ospino y Laura Rodríguez.;Miércoles, 03 Febrero 2021;Una parte de una entrevista que concedió el médico en agosto de 2020 circula como si fuera actual. Semana publicó un artículo reciente citando sus afirmaciones. El contenido se ha sacado de contexto para desinformar. ;Cuestionable;Pas d'entité;"Desde hace algunos días circula en redes sociales (especialmente en Facebook y WhatsApp, aunque también en TikTok y Twitter) un video en el que el médico Manuel Elkin Patarroyo comenta que la duración de la respuesta inmunitaria de las vacunas contra el COVID-19 es corta. 
En la grabación, que ha generado controversia en redes sociales y que dura entre dos y cinco minutos dependiendo de la publicación, Patarroyo hace comentarios sobre la seguridad de las vacunas y la duración de la inmunidad de pacientes que han tenido la infección por SARS-CoV-2.
Sin embargo, el video es antiguo. En realidad corresponde a un fragmento de una entrevista que Patarroyo le concedió a Salud Hernández el 13 de agosto de 2020, luego de que Vladimir Putin anunciara que su país tenía la primera vacuna registrada y aprobada contra el coronavirus en el mundo en ese momento: la Sputnik V. 

Esto lo averiguamos al analizar las imágenes con INVID, una herramienta de verificación de video, y luego con Youtube DataViewer, una herramienta de Amnistía Internacional con la que se puede averiguar la fecha en que un video fue cargado a YouTube. 

Hoy, casi seis meses después de dicha conversación, la evidencia tanto sobre las vacunas como la duración de la inmunidad de las personas que se han infectado del nuevo coronavirus ha arrojado nuevos resultados. Por esta razón, las apreciaciones de Patarroyo ahora son, por lo menos, inexactas. 
Asimismo, tanto en el video que circula en redes sociales desde hace varios días como en las publicaciones que la comparten, no aclaran que se trató de una entrevista hecha casi seis meses atrás, en un contexto diferente.
El fragmento de las declaraciones de Patarroyo ha sido visto por lo menos 6 millones de veces en Facebook, de acuerdo con la herramienta de monitoreo de redes sociales CrowdTangle. Esta es una de las razones por las que decidimos verificarlo. Ha sido compartido en ciudades como Buga (Valle del Cauca), Leticia (Amazonas) y Neiva (Huila). Incluso, encontramos que supera los 5 millones de vistas en una publicación en Ecuador. 
Algunos usuarios han usado esta información para poner en tela de juicio la seguridad de las vacunas. “Estan experimentando con la gente. Oigan lo que dice Manuel Elkin Patarroyo, científico que a trabajado durante mas de Décadas en temas de vacunas (sic)”, comentó por ejemplo un usuario de Facebook que compartió el video. 
Así mismo, Semana publicó el 1 de febrero un artículo titulado Manuel Elkin Patarroyo dice que efecto de la vacuna contra coronavirus es muy corto, que ha tenido más de 13.000 reacciones en redes, según CrowdTangle. En el sumario aseguran: “El científico colombiano manifestó sus reparos e instó a no caer en engaños. Hay expectativa entre millones de colombianos por la vacunación contra covid-19 (sic)”. 
La fecha de las afirmaciones de Patarroyo solamente aparece en este primer párrafo: “El científico colombiano Manuel Elkin Patarroyo ha sido tendencia en plataformas digitales por cuenta de una declaraciones que concedió en SEMANA en 2020 y en las que habló del proceso de vacunación que se avecina en Colombia. ¿Qué dijo entonces el científico que ha suscitado tanto revuelo? En diálogo con la periodista Salud Hernández-Mora dio cuenta de cuáles son sus inquietudes de cara a la vacuna contra covid-19”.
Aunque en el texto se anota que la entrevista corresponde al año pasado, se replican las declaraciones del video sin cuestionarlas a la luz de la evidencia científica actual. 
De la misma forma, en sus redes sociales publican el trino sin aclarar la fecha de la entrevista, solamente con el texto “Manuel Elkin Patarroyo dice que efecto de la vacuna contra coronavirus es muy corto” y el link de la nota.

En Facebook también encontramos la publicación de la nota de Semana en el perfil de su directora, Vicky Dávila, sin ninguna aclaración de la fecha de esta entrevista. 
Sin embargo, como ya dijimos, a la luz de la evidencia actual las declaraciones del doctor Patarroyo que aparecen en el video editado y viralizado, y en la nota reciente de Semana, son imprecisas hoy en día. Aquí, nuestra revisión. 
Una de las mayores preocupaciones alrededor del COVID-19 tiene que ver con la duración de la respuesta inmunitaria, tanto después de sufrir la enfermedad como después de la vacunación.
Sobre los anticuerpos o defensas que quedan luego de enfermar, Patarroyo dijo:
“Se sabe muy bien, entre otras cosas, que las moléculas de este coronavirus que están aquí inducen defensas, pero son de muy corta vida. Eso no duran más de 60 días. Y usualmente en una infección para un individuo que ha tenido enfermedad y uno va y detecta los anticuerpos, los anticuerpos comienzan a desaparecer a las 4 semanas. (...) Ya luego hacia los cuatro o seis meses no tienen ni uno solo de esos anticuerpos. Y eso es uno de los problemas fundamentales hoy en día”. 
Esta afirmación en el momento de la entrevista mostraba la evidencia de la que se disponía. Desde mediados de 2020 se han revelado diversos estudios, algunos que señalaban la posibilidad de que los anticuerpos contra el nuevo coronavirus desaparecieran después de poco tiempo. 
Por ejemplo, investigadores chinos publicaron un estudio en la revista Nature, en junio de 2020, en el que observaron que “los niveles de anticuerpos en una alta proporción de personas que se recuperaron de la infección por SARS-CoV-2 comienzan a disminuir entre 2 y 3 meses después de la infección”. Sin embargo, las observaciones hechas por los investigadores fueron en una muestra muy pequeña, de 37 pacientes sintomáticos y 37 asintomáticos, por lo que, aclararon, se necesitaban con urgencia estudios adicionales. 
Pero con el paso del tiempo han aparecido nuevos estudios que podrían llegar a desestimar análisis como los anteriores o traer a colación observaciones de la respuesta inmunitaria que van mucho más allá de los anticuerpos.
El 6 de enero, por ejemplo, un grupo de investigadores del Instituto de Inmunología de La Jolla (Estados Unidos) publicó en la revista Science una investigación sobre la memoria del sistema inmune, analizaron 254 muestras de 188 casos de COVID-19, en el que incluyeron también 43 muestras tomadas 6 meses después de la infección. 
Ahí, observaron que cada componente de la memoria inmune ante el SARS-CoV-2 tenía un comportamiento diferente con el paso del tiempo. Por ejemplo, la IgG (anticuerpos) contra la proteína Spike [proteína que está en la superficie del virus y que le permite entrar a las células] fue “relativamente estable durante más de seis meses”. 
También, encontraron que “las células B [encargadas de producir esos anticuerpos] eran más abundantes a los seis meses que al mes después de la aparición de los síntomas”. Y finalmente, observaron que los linfocitos T CD4 + específicos del SARS-COV-2 y los linfocitos T CD8 + (otras células del sistema inmune que tienen un papel importante en maximizar la respuesta ante el nuevo coronavirus), “disminuyeron con una vida media de 3-5 meses”.
Andrés Vecino, médico, con maestría en Economía de la Universidad de los Andes, PhD en Sistemas de Salud de la Universidad Johns Hopkins y estudios posdoctorales de la Universidad de Washington, al ser consultado por Colombiacheck aclaró al respecto: “Al día de hoy, sabemos que la inmunidad al COVID-19 después de la infección posiblemente puede durar meses o incluso años, no sabemos exactamente cuánto y no sabemos tampoco qué porcentaje de la población tiene esa inmunidad prolongada, eso sigue en estudio”. 
“Lo importante es que la mayoría de las personas está dentro de la inmunidad prolongada, pero necesitamos más información para conocerla con exactitud y saber qué tipo de personas desarrollan menos inmunidad”, enfatizó Vecino.
Sobre la duración de la protección de las vacunas, Patarroyo afirmó: “Lo que se espera es que la vacuna proteja de cinco a diez años. Pero en una cuestión excepcional como la de ahora, como mínimo un año. Eso es lo que pedimos los que nos dedicamos al desarrollo de vacunas, que proteja, no que induzca anticuerpos, que los puede tener, (....) pero que protejan eso es otra cosa”, afirmó Patarroyo al respecto. 
“La duración de la protección que nos ofrece una vacuna es multidimensional y depende, entre otras cosas, de la inmunogenicidad y de la rapidez con que cambia el virus, este virus es relativamente nuevo, por lo que aún no es posible realizar un seguimiento más largo. Esperemos que la protección de las vacunas sea tan larga como la que resulta de la infección natural, pero esto está actualmente bajo estudio'', explicó a Colombiacheck Christian Julián Villabona, biólogo, PhD en Microbiología de la Universidad de Sao Paulo (Brasil) y con estudios posdoctorales en el Institute de Recherche pour le Développement y la Universidad de Montpellier en Francia. 
“Recordemos que hemos acelerado el uso de las vacunas (debido a su seguridad y protección) y por tanto este seguimiento en cuanto a la duración de la protección se está haciendo en la medida que ampliamos la vacunación”, concluyó Villabona. 
En ese sentido recordamos que a la hora de analizar este tipo de declaraciones de médicos y científicos después de un tiempo, es necesario tener en cuenta la nueva evidencia. 
Sobre la seguridad de las vacunas, Patarroyo, en la entrevista del 13 agosto de 2020 que hoy se ha vuelto viral, afirmó: “que una persona permita en un momento determinado que le apliquen la vacuna realmente para mí no significa nada. Se lo cuento. ¿Qué es lo que está sucediendo cuando le aplican a la persona? Mirando a ver si es segura, si no le hace daño a nivel renal, a nivel pulmonar a nivel de la sangre, etcétera, etcétera, lo que denominamos los científicos seguridad”.
Poco después dice: “Lo único que le dicen a uno es esa vacuna, la de Glaxo, la de Pfizer, la de Moderna, es segura porque dentro de las 100, las 1.000 personas que vacunaron no indujo ningún daño renal, ni hepático, ni tampoco pulmonar, segura, segura, segura. Lo otro es que induce anticuerpos e induce defensas”. 
Aquí es importante aclarar que la monitorización de la seguridad de las vacunas es uno de los requerimientos más importantes exigido por las autoridades sanitarias para dar la autorización de su comercialización. Y esa seguridad se vigila tanto en los estudios realizados durante el desarrollo de las mismas como en la supervisión tras su comercialización.
Cuando se recopilan datos de seguridad de la vacuna se analiza que estos demuestren que los beneficios conocidos y potenciales de la vacuna superen los daños conocidos y potenciales de infectarse con la enfermedad del coronavirus 2019 (COVID-19), según señalan los Centros para el Control y la Prevención de Enfermedades de Estados Unidos (CDC, por sus siglas en inglés). En otras palabras, esto quiere decir que el beneficio que da la vacuna sea mayor al riesgo que pueda producir para la salud no tenerla. 
En Colombiacheck encontramos que en relación a la seguridad de las vacunas para prevenir el COVID-19, los CDC aseguran en este artículo actualizado el 25 de enero de 2021, que las vacuna de Pfizer/BioNTech y la de Moderna, ambas vacunas del tipo ARNm, se recomiendan para personas mayores de 16 años, en el caso de Pfizer, y 18 años, para la de Moderna.
 
También señalan que se pueden esperar efectos secundarios leves para ambas vacunas que fueron la mayoría de los que se presentaron en los estudios, como hinchazón, enrojecimiento y dolor en el brazo en que se aplicó. O pueden aparecer manifestaciones como escalofríos, dolor de cabeza y cansancio, síntomas que son más comunes, de acuerdo con los ensayos clínicos, después de la aplicación de la segunda dosis. 
Respecto a la vacuna de Astrazeneca, de acuerdo con la Agencia regulatoria de medicinas y productos para la salud del Reino Unido, esta es segura y los efectos secundarios leves que se pueden esperar son similares a los de las otras dos vacunas: hinchazón, enrojecimiento del brazo en que se aplicó, fiebre, fatiga o incluso vómito. 
Ahora, una de las vacunas que más cuestionamientos había tenido era la desarrollada por Rusia y su Instituto Gamaleya, denominada Sputnik V, que, de hecho, fue sobre la que más se discutió en la entrevista a Patarroyo en 2020 y sobre la que no se tenían muchos datos para esa fecha. 
Sin embargo, la revista científica The Lancet publicó un artículo el 2 de febrero en el que señala que la eficacia de la vacuna es del 91,6 por ciento contra COVID-19. Y los efectos secundarios que se pueden presentar son similares a los de las demás vacunas, es decir, dolor en el brazo, cansancio y un poco de fiebre. 
De acuerdo con una publicación de Russian Direct Investment Fund, “cuando se usa la vacuna Sputnik V, el coronavirus en sí no ingresa al cuerpo ya que la vacuna solo contiene información genética sobre parte de su capa de proteína externa, los llamados ‘picos’ que forman su corona. Esto elimina por completo la posibilidad de infectarse como resultado de la vacunación y, al mismo tiempo, provoca la respuesta inmune estable del cuerpo”.
Adicionalmente, consultamos a Juanita Vahos Zambrano, química farmacéutica de la Universidad Nacional de Colombia y miembro del Centro de Pensamiento Medicamentos, Información y Poder de la misma universidad, quien aseguró que a las afirmaciones de Patarroyo les falta contexto. Es normal que así sea, como ya dijimos, pues las declaraciones del médico no son recientes. 
“Si lo que estamos mirando es a la persona a la que se le está aplicando la vacuna en un ensayo clínico de fase I, fase II o fase III, en la que efectivamente estoy analizando la seguridad de la vacuna, pues claro, en ese momento lo que voy a evaluar es que no produzca ningún daño ni a nivel renal, ni pulmonar ni de la sangre, etcétera, porque es parte de los ensayos clínicos y uno de los desenlaces que se espera ver es que la vacuna no vaya a generar más daños que beneficios”, le dijo Juanita Vahos a Colombiacheck. 
Así mismo, para la química, es necesario aclarar que “las vacunas pasaron por unos ensayos clínicos, que si bien todavía están en curso, ya evaluaron la eficacia y la seguridad y cuando se inicie la aplicación en nuestro país, no se va a empezar a mirar si las vacunas son seguras. Lo que se ha demostrado hasta ahora es que los riesgos no van a superar los beneficios, y las vacunas hasta ahora tienen un perfil de seguridad que es aceptable”.
Así que tras estas nuevas y recientes evidencias hay que señalar que no es cierto, como se difunde en redes sociales con base en las declaraciones del doctor Patarroyo, que “se está experimentando con la gente” para probar la seguridad de las vacunas. 
Aquí puede descargar un par de reportes de seguridad adicionales sobre las vacunas para prevenir el COVID-19 (1 y 2).
Patarroyo presenta en el video viral otros conceptos relacionados con las vacunas. Los verificamos porque algunas de sus ideas resultan confusas.
 Inmunogenicidad
“Lo otro es inmunogenicidad. Es decir, la capacidad de inducir defensas que sean capaces de matar al virus en el tubo de ensayo o, como hacemos nosotros a nivel de los modelos experimentales…eso es lo que se llama inmunogenicidad”, afirmó Patarroyo.
 
Sobre este concepto el médico hace una explicación parcial, pues según el Ministerio de Salud de Colombia la inmunogenicidad se define como la capacidad de una determinada sustancia para generar respuestas inmunes. 
Sobre este tema, Christian Julián Villabona, biólogo consultado por Colombiacheck señaló: “La inmunogenicidad mide el tipo de respuestas inmunes que la vacuna produce (una respuesta celular, o una respuesta de anticuerpos, o las dos, etcétera) y la magnitud de estas respuestas a lo largo del tiempo. Por tanto, es una medida de qué tan bien funciona una vacuna. Los estudios de inmunogenicidad también suministran información adicional sobre las dosis y la frecuencia de vacunación (una o más de una inyección)”.
Se busca que las vacunas  produzcan inmunogenicidad para que el organismo se defienda frente a virus como el nuevo coronavirus.
Evaluar la inmunogenicidad de un producto biológico, como las vacunas, implica medir los anticuerpos ( y defensas) generadas contra el producto, lo cual se suele hacer tanto en estudios in vitro o en el laboratorio, como afirma Patarroyo, pero también en estudios in-vivo o en humanos, explicaban expertos de la Organización Mundial de la Salud en un artículo publicado en la revista Biologicals y lo han reafirmado durante la pandemia. Por lo tanto Patarroyo fue impreciso al hablar de inmunogenicidad pues dejó por fuera las mediciones y estudios que también se hacen en humanos. 
Eficacia
Patarroyo luego dice en la entrevista: “lo otro es lo que se llama capacidad de protección, es decir protectividad. Es que tanto después de que usted ha sido vacunado, ha encontrado que la vacuna no le ha causado ningún daño, que le produjo los anticuerpos o la respuesta de los glóbulos blancos, qué tanto protege a la gente. Eso es lo que no se ha hecho en ninguna, absolutamente en ninguna de las vacunas hasta hoy en día”.
 
Sin embargo, según las explicaciones que dio, concluimos que con protectividad, en realidad, hacía referencia, por lo menos, a dos términos diferentes que mezcló en sus afirmaciones: seguridad y eficacia. 
Sobre la seguridad lo aclaramos previamente. En relación a la eficacia, este término hace referencia a la medición que se hace de la protección de la vacuna frente a la enfermedad, durante la fase clínica del desarrollo de las vacunas, en los ensayos clínicos, según explican en los CDC, de los Estados Unidos.
La OMS sugirió en abril de 2020 que una ""demostración clara de eficacia idealmente es una estimación de aproximadamente 50% de protección de la vacuna, ese debería ser un criterio mínimo aceptable para cualquier vacuna COVID-19, y esa eficacia se puede evaluar en función de los criterios de valoración de enfermedad leve, enfermedad grave y / o diseminación / transmisión de la enfermedad"".
La capacidad de una vacuna para proteger contra la enfermedad grave y la mortalidad que puede generar una enfermedad es el criterio de valoración de eficacia más importante, ya que los ingresos hospitalarios y de cuidados intensivos suponen la mayor carga para los sistemas de atención de la salud durante esta pandemia, señalaron expertos en The Lancet.
Para el 13 agosto de 2020, fecha de la entrevista a Patarroyo, aún no se tenía reporte de eficacia de las candidatas a vacunas para prevenir el COVID-19.  
Pero ya en febrero de 2021, se tienen datos de eficacia de casi todas las candidatas que superaron las fase 3 de los ensayos clínicos, que es el paso previo a ser comercializadas, como aclaramos en un explicador sobre vacunas para prevenir el COVID-19. 
Así en diversas revistas científicas y en las páginas oficiales de las farmacéuticas se han publicado los datos de eficacia de las vacunas como Pfizer/BioNTech, Moderna, Sputnik V, Astrazeneca, entre otras (1, 2 y 3). 
“En el ámbito de la protección, los ensayos publicados muestran una elevada eficacia en prevenir la muerte por COVID-19 o protegernos contra los síntomas graves relacionados con COVID-19. La eficacia contra los casos leves se ha visto reducida en algunos casos debido a nuevas variantes virales, pero la protección continúa siendo satisfactoria”, concluyó el biólogo Julián Villabona.
Así que, de nuevo, las afirmaciones del médico sobre seguridad y eficacia, que él llama protectividad, no aplican para hoy en día porque los estudios sobre esos aspectos ya se hicieron. 
Finalmente, con base en toda esta información, calificamos como cuestionables las publicaciones en las que se presentan las declaraciones del médico Manuel Elkin Patarroyo sobre las vacunas como recientes. Debido a que habiendo pasado casi seis meses desde la entrevista de la que se tomó el material, la mayoría de sus afirmaciones están desactualizadas. Algunas de ellas son, además, imprecisas. 
"
Petro malinterpretó la eficacia de las vacunas contra el COVID-19;José Felipe Sarmiento;Miércoles, 03 Febrero 2021;El senador criticó el 66 por ciento de la vacuna de Janssen en contraste con los datos de otras farmacéuticas que comparó sin rigor, al tiempo que omitió lo más importante: todas evitan hospitalizaciones y muertes.;Cuestionable;Gustavo Petro;"Según un trino que el senador Gustavo Petro publicó el 29 de enero, la vacuna contra el COVID-19 del laboratorio Janssen “ha resultado ser de las más ineficaces hasta ahora construidas”, mensaje al que le adjuntó un artículo de CNN en Español con un titular en el que se afirma que tiene un 66 por ciento de “efectividad” (término inexacto, porque la efectividad se refiere al uso de la vacuna en condiciones reales y no a los resultados de eficacia que se hacen en los ensayos clínicos controlados).

Colombiacheck encontró que la afirmación es cuestionable porque la comparación no es rigurosa. Por la forma como se calculan, los porcentajes conocidos sobre la eficacia de diferentes vacunas no siempre miden lo mismo: pueden referirse a la prevención de casos leves, graves, muertes o incluso a la transmisión. Así, la comparación intuitiva entre ellos es inapropiada y deja por fuera información relevante para entender su verdadera utilidad.
Además, la cifra salió de un comunicado de prensa de Johnson & Johnson, la multinacional propietaria del laboratorio, porque el estudio completo todavía no es público. El 66 por ciento se refiere a la protección contra formas “moderadas y severas” de la enfermedad (a partir de dos síntomas leves o uno solo más delicado, como la falta de aire).
Sin embargo, la misma fuente dice que el resultado de eficacia es del 85 por ciento frente a evoluciones graves del COVID-19 (hospitalizaciones en cuidados intensivos o muertes, entre otras) en el primer mes después de la aplicación de la vacuna y que, después de otras tres semanas, la cifra aumentó al 100 por ciento. CNN también lo aclara en el contenido de la nota que Petro enlazó en su publicación e incluso lo incluyó en el titular más tarde.
El químico farmacéutico experto en vacunas David Bautista, profesor de la Universidad de Antioquia, afirma que la eficacia de la vacuna de Janssen en los dos escenarios planteados es “muy alta”. Señala que cualquier valor por encima del 50 y el 80 por ciento, respectivamente, sirve para disminuir la presión que la pandemia ha creado sobre los sistemas de salud y salvar vidas.
Lo que sí advierte el docente es que el énfasis en esos valores “confunde a la gente”. Por eso señala que “lo que de verdad debe importarnos” es que todas las vacunas han reducido en más del 90 por ciento la probabilidad de que las personas sean internadas en unidades de cuidados intensivos (UCI) o mueran por complicaciones de la infección.
Aunque la operación matemática para el cálculo de la eficacia es igual, los criterios de evaluación en las pruebas de las vacunas tienen algunas diferencias entre farmacéuticas y eso dificulta las comparaciones entre porcentajes específicos, como la que hizo Petro. No obstante, los resultados sí permiten inferir que las diferentes opciones de vacunas para prevenir el COVID-19 que han superado de forma exitosa la tercera fase de los ensayos clínicos son útiles para prevenir los peores desenlaces de esa enfermedad.
Ese es el caso de todas las que el Gobierno Nacional ha anunciado que se usarán en Colombia. Aparte de la compra de 20 millones de dosis surtidas por medio del Fondo de Acceso Global para Vacunas COVID-19 (Covax), el portafolio detallado por el Ministerio de Salud está compuesto por:
Sobre la vacuna de Pfizer y BioNTech, la información que dan los Centros de Control y Prevención de Enfermedades (CDC) de los Estados Unidos es que los ensayos han arrojado una eficacia de 95 por ciento contra cualquier síntoma y “se espera que también prevenga hospitalizaciones y muertes” incluso al 100 por ciento, aunque se advierte que no hay certeza sobre la cifra exacta.
La situación es similar con Moderna. El dato es del 94,1 por ciento en la prevención de cualquier forma sintomática de COVID-19. De acuerdo con los CDC, esto permite inferir su utilidad para prevenir las hospitalizaciones y las muertes, a pesar de que se reportaron algunas en sus pruebas clínicas (en menos del 0,001 por ciento de los vacunados).
Para el producto de AstraZeneca y la Universidad de Oxford, la eficacia frente a cualquier síntoma en sus estudios dio 70,4 por ciento (aunque varió entre 62,1 y 90 por ciento porque probaron diferentes cantidades para la primera dosis en diferentes grupos). Además, no presentó ningún caso de hospitalización o muerte entre sus vacunados, frente a 10 casos entre las personas que recibieron un placebo.
Por último, la de Sinovac ha reportado una eficacia incluso más baja que la de Janssen en términos generales, del 50,4 por ciento, frente a COVID-19 “leve y severo”. Sus datos son muy variables entre países, pero la muestra más grande es de Brasil, donde ningún vacunado ha tenido que ser hospitalizado.
Entre tanto, quedan abiertas otras preguntas que se están investigando sobre el efecto de la vacunación en la transmisión del virus. 
En cuanto a las mutaciones de éste, el profesor Bautista asegura que “no hay que alarmar tanto a la gente con eso porque es muy probable que las vacunas sigan sirviendo”. Incluso algunos de los estudios clínicos se han hecho, al menos parcialmente, en los países donde se han originado las tres variantes de interés que hay en este sentido: el Reino Unido, Sudáfrica y Brasil.
Finalmente, el investigador destaca que “hay aspectos más relevantes que la eficacia” a la hora de evaluar las vacunas, desde variables logísticas como el número de dosis o las temperaturas de refrigeración hasta cuestiones farmacológicas como las posibles contraindicaciones para ciertas personas. De ahí, la importancia de que el país tenga un portafolio diversificado, como lo han señalado las autoridades y reconoce el docente.
La crítica de Petro es cuestionable porque reduce el análisis a la eficacia y, además, la compara de forma inapropiada porque no tiene en cuenta los diferentes tipos de protección a los que se refiere cada porcentaje. Colombiacheck le preguntó a su equipo de comunicaciones si tenía fuentes adicionales o alguna aclaración que hacer con respecto a su trino, pero no dio respuesta.
"
Dióxido de cloro es potencialmente tóxico, contrario a lo que afirmó la actriz Cony Camelo;Gloria Correa;Martes, 02 Febrero 2021;Se trata en realidad de una sustancia química con potencial tóxico. El Instituto Nacional de Salud de Colombia registró nueve casos de intoxicaciones por consumo de dióxido de cloro en enero.;Falso;Pas d'entité;"El 26 de enero, la reconocida actriz colombiana Cony Camelo comentó en Twitter una publicación sobre el dióxido de cloro realizada el mismo día por Zulma Cucunubá Pérez, médica con maestría en Salud Pública y doctorado en epidemiología de enfermedades infecciosas, así como estudios posdoctorales en el Colegio Imperial de Londres.
Cucunubá trinó: “El dióxido de cloro NO tiene ninguna indicación médica. Ingerido, es un producto tóxico y muy peligroso”.
Camelo replicó: “Mentiras. Una cosa es que no prevenga el virus y otra que sea tóxico. Ojo”, refiriéndose a esta sustancia química y adjuntando un link de una cuestionada nota publicada en aDiarioCR.com. 
Mentiras.
Una cosa es que no prevenga el virus otra que sea tóxico.
Ojo. https://t.co/vwzWQXTX9v https://t.co/IbmNcdDPxK
Pero Cucunubá tiene razón: la evidencia disponible demuestra que el dióxido de cloro es potencialmente tóxico.
La comercialización informal y consumo del dióxido de cloro durante la pandemia con el supuesto objetivo de “prevenir o tratar” el COVID-19, se ha hecho sin evidencia científica que soporte su uso en humanos con este virus y sin estudios de seguridad o eficacia en este contexto.
En chequeos previos Colombiacheck ha aclarado que el dióxido de cloro no cura el COVID-19 y tampoco evitaría la vacunación para prevenir la enfermedad. 
Colegas verificadores de la Red Internacional de Verificadores (IFCN, por sus siglas en inglés) como Salud con Lupa, Maldita.es, Animal Político, AFP factual y Chequeado, también han realizado publicaciones sobre este tema, aclarando los riesgos de consumir el dióxido de cloro. 
Quienes lo comercializan informalmente, y muchos de los que lo consumen, así como dijo Cony Camelo, afirman que no es tóxico, por lo cual en Colombiacheck decidimos verificar tal información con autoridades en salud, expertos y evidencia científica. Confirmamos, una vez más, que se trata de una información falsa.
Algunos médicos en países de Latinoamérica (México, Bolivia, Perú, Ecuador, Argentina, Colombia, entre otros) han promovido el uso del dióxido de cloro, generalmente asociados bajo el auspicio del cuestionado alemán Andreas Kalcker, dentro de una asociación llamada Comusav.
Pero Kalcker ha sido objeto de varias investigaciones y denuncias por hacer publicidad engañosa de este producto (1, 2, 3). Los colegas de Chequeado también explicaron en una publicación los efectos que la desinformación sobre el dióxido de cloro ha generado en Argentina, al relacionarse con casos de muertes e intoxicaciones. 

 
De igual forma, en Salud con Lupa explicaron que Kalcker se autonombra biofísico aunque sus títulos, de doctor en filosofía en medicina natural, biofísica natural y psicobioenergia, son de una universidad sin ningún aval académico que hasta 2015 vendía certificaciones con sello de La Haya. 
En 2019, Amazon retiró de su catálogo libros de la autoría de Kalcker por promover sin evidencia el consumo del dióxido de cloro como “cura” para el autismo y otras enfermedades, según informó NBC News 
El alemán asegura que el consumo del dióxido de cloro se prohíbe, porque “no es negocio para las farmacéuticas”. Pero en realidad, la promoción del dióxido de cloro se trata de todo un negocio en donde las ganancias para quien lo comercializa son muy altas. 
Carlos Antonio Rius, explicó a Animal Político que “el costo de manufactura de una dosis es de menos de un peso mexicano [unos 170 pesos colombianos], y si lo están vendiendo en 500 pesos [esto equivale a unos 87.000 pesos colombianos, aunque en Colombia se está vendiendo más caro], es una ganancia bestial”.
En realidad, varios usos del dióxido de cloro se prohíben en algunos países porque su uso es potencialmente tóxico.
La actriz Cony Camelo no es la única que cuestiona la toxicidad del dióxido de cloro, encontramos una imagen con argumentos similares, que circula por WhatsApp en la que defienden el uso del compuesto y su seguridad, comparándolo con otros compuestos químicos como el hipoclorito de sodio (la conocida lejía o lavandina) y con el cloruro de sodio (sal de mesa). 

 
Sandra Natalia Correa, química de la Universidad Industrial de Santander, con maestría en Química y doctorado en química aplicada de la Universidad de Mayagüez en Puerto Rico, explicó a Colombiacheck respecto a la imagen: “El dióxido de cloro, el hipoclorito de sodio y el cloruro de sodio, son tres compuestos químicos diferentes, todos tienen cloro pero corresponden a fórmulas químicas distintas, como explica la parte superior de la imagen, pero eso no justifica la ingesta del dióxido de cloro. El NaCl o la sal es un compuesto iónico, que se disocia muy fácilmente y no es tóxico. El dióxido de cloro y el hipoclorito de sodio (este último más conocido popularmente como lejía) sí son tóxicos a ciertas concentraciones, pueden lesionar las mucosas si se inhalan o ingieren, a diferencia del cloruro de sodio o la ‘sal NaCl’ que a pesar de tener cloro no es tóxica al ingerirla”.
Igualmente, a los colegas verificadores de Maldita en España, María Celeiro, química experta en sustancias potencialmente peligrosas en cosméticos les explicó: ""Lo que conocemos típicamente como lejía es el resultado de diluir en agua un compuesto químico (entre otros) llamado hipoclorito de sodio (NaCIO). Este compuesto es de color claro entre verde y amarillo con un olor característico. Se utiliza sobre todo como desinfectante y como base para blanqueadores comunes"".
Tanto el clorito sódico (NaClO2 ) como el hipoclorito sódico (NaCIO-) son iones, sales (la sal se compone de iones).
El decano del Colegio de Químicos de Madrid les dijo a los colegas de Maldita que ""cuando esa sal se disuelve en agua tienes en disolución esos iones de clorito sódico o hipoclorito sódico. Ambos reaccionan oxidando muchísimos sustratos, sean o no orgánicos, de una manera más o menos intensa en función de su concentración. Coloquialmente sí que podemos considerar que ambas disoluciones acuosas son lejía"".
Al respecto, los Centros para la prevención y el Control de Enfermedades (CDC, por sus siglas en inglés) también han señalado: “El clorito sódico (NaClO2) se disuelve en agua y forma iones de clorito (ClO2 ) y de sodio (Na-). Más del 80% del clorito (en la forma de clorito de sodio o sódico) se usa para manufacturar dióxido de cloro para desinfectar agua potable. El clorito de sodio también se usa como desinfectante. Al igual que el dióxido de cloro, el clorito es muy reactivo”.
Por lo tanto, aunque el dióxido de cloro no es lo mismo que el hipoclorito de sodio (o la popular lejía) ni que el clorito de sodio (el cual también podría clasificarse como un tipo de lejía, que al ponerlo a reaccionar con un ácido se obtiene el dióxido de cloro), todos constituyen sustancias químicas muy oxidantes y pueden ser tóxicas para los humanos.
El principal argumento a favor del uso del CDS (dióxido de cloro) es que libera oxígeno dentro del cuerpo de la persona que lo consume, lo que ha hecho que en América Latina esta “milagrosa alternativa” tenga múltiples seguidores en medio de la pandemia por COVID-19, pero es una afirmación que muchos químicos han calificado como falsa.
Así mismo, el “MMS”, como también es conocido, es vendido en frascos goteros como una solución al 28 por ciento de clorito de sodio en agua destilada. Otros ofrecen un kit para prepararlo que trae una solución de clorito de sodio, una de ácido clorhídrico, dos botellas de gotero con ambas sustancias y un atomizador para usarlo con la sustancia activada.
Luis Baraldo, doctor en ciencias químicas y vicedecano de la Facultad de Ciencias Exactas y Naturales de la Universidad de Buenos Aires (UBA) explicó a los colegas de Chequeado: “El dióxido de cloro es un oxidante enérgico y poco selectivo. Sirve para atacar al virus en una superficie inerte como una mesada o una pileta, pero en nuestro cuerpo es reactivo frente a las moléculas que constituyen el organismo”.  Es decir, el dióxido de cloro puede reaccionar frente a proteínas o enzimas, lípidos (grasas), y ácidos nucleicos presentes en nuestras células y dañarlos.
La química Bárbara Herrera, profesora de la Universidad Católica de Chile, le dijo a AFP Factual que esta sustancia química “se utiliza como limpiador y desinfectante industrial así como para clorar el agua, ya que ‘oxida las membranas de los patógenos’”. Lo mismo pasaría si uno introdujera la sustancia al cuerpo, por ejemplo, a través de la inhalación: “No oxigenaría, sino que oxidaría las membranas de nuestro sistema respiratorio, lo que conllevaría a un daño de las vías respiratorias. Los átomos de oxígeno del dióxido de cloro no llegarían a los alvéolos pulmonares para purificar la sangre”, afirmó Herrera. 
Al referirse a oxigenar, la Dra. Herrera hace referencia a que el dióxido de cloro no aportaría oxígeno ni a los pulmones, ni a la sangre como aseguran muchos de los defensores del consumo de esta sustancia química, sino que por el contrario esta sustancia química puede “oxidar” o dañar las membranas de las células a las que se expone, causando quemaduras en los tejidos del aparato respiratorio o digestivo.  
La Organización Panamericana de la Salud (OPS) desde julio del año pasado señaló en un comunicado que no recomendaban tomar productos que contengan dióxido de cloro, clorito de sodio, hipoclorito de sodio o derivados. 

Tanto la OPS, como los CDC de Estados Unidos, señalan que tanto el dióxido de cloro como el clorito sódico reaccionan rápidamente en los tejidos humanos y, si se ingieren, pueden causar:

En Colombia, el Instituto Nacional de Salud, INS, organismo que registra los casos de intoxicaciones en el país, informó a través de su oficina de prensa a Colombiacheck que hasta el 27 de enero, en el 2021, se habían registrado nueve casos de intoxicación por dióxido de cloro en el país, como se observa en la tabla adjunta.

Intoxicaciones por dióxido de cloro en Colombia. Fuente: Oficina de Prensa Instituto Nacional de Salud. 
La OPS, en un webinar realizado el 7 de agosto de 2020, para aclarar inquietudes sobre el dióxido de cloro y las intoxicaciones asociadas a su consumo, advirtió: “No se han realizado estudios toxicológicos para establecer una relación dosis-respuesta de su uso como ‘tratamiento de enfermedades en humanos’. Son diferentes casos que se han informado de efectos tóxicos e incluso la muerte. En vista de que son sucesos ocurridos con productos que se han preparado ‘a nivel casero’ no se ha podido establecer la dosis específica que ha ingerido cada persona”.
El médico, especialista en medicina interna y neumología de la Universidad del Bosque en Bogotá, Jaime Alberto Barreto, quien durante la pandemia ha tratado pacientes con COVID-19, también explicó a Colombiacheck sobre este tema: “El que tenga propiedades desinfectantes y sea útil para potabilizar el agua no permite inferir que sea útil para tratar personas. Es un producto con gran potencial de toxicidad, al ingerirse puede dañar las membranas celulares y producir quemaduras en las mucosas. He visto pacientes con úlceras en la boca y con toxicidad hepática por ingerir dióxido de cloro”. 
Muchas autoridades sanitarias en el mundo y a nivel nacional desde la Administración de Alimentos y Medicamentos de los Estados Unidos (FDA, por sus siglas en inglés) hasta el Invima y el Ministerio de Salud, incluso la Superintendencia de Industria y Comercio, en Colombia, han alertado durante la pandemia de los riesgos que se corre al consumir dióxido de cloro y han tomado medidas con quienes lo están comercializando. 
Miguel Ángel Méndez Rojas, profesor e investigador del Departamento de Ciencias Químico-Biológicas de la Universidad de las Américas Puebla (México), le dijo a los colegas de Animal Político que “a diferencia de compuestos iónicos como el cloruro de sodio (NaCl) en donde la interacción entre el sodio (Na+) y el cloruro (Cl-) se da a partir de fuerzas electrostáticas, el dióxido de cloro es una molécula con interacciones covalentes entre sus átomos (…) lo que incrementa su estabilidad”, y hace que el enlace sea difícil de romper en el agua. Lo que “sí ocurre es que el ClO2, dióxido de cloro, en un medio ácido, se descompone principalmente en ion clorito (ClO2-), un agente oxidante que puede transformarse por reducciones sucesivas en ácido cloroso (HClO2), ion clorato (ClO4-), ion cloruro (Cl-) y agua (H2O)”.
“Lo peligroso es que cuando una persona lo consume, el CIO2, dióxido de cloro, puede oxidar también a la hemoglobina. Esto quiere decir que convierte el hierro en estado ferroso (Fe2+) de la hemoglobina normal a hierro en estado férrico (Fe3+) formando metahemoglobina que puede poner en riesgo la vida de la persona”, enfatizó Méndez Rojas. En la literatura se han reportado casos de metahemoglobinemia y otras afecciones en sangre, así como falla renal, asociadas al dióxido de cloro. 
“Las concentraciones típicas (de dióxido de cloro) que la gente está ingiriendo están entre los 20 y 40 ppm (20 y 40 mg/litro de solución). Son relativamente altas, aunque las vayan ingiriendo a sorbitos, poco a poco. En aproximadamente una hora, el dióxido de cloro (transformado en ion clorito) puede llegar a oxidar un porcentaje significativo de la hemoglobina en sangre, produciendo metahemoglobinemia, entre otros problemas, tales como quemaduras en el esófago y alteraciones sanguíneas”, concluyó el investigador Méndez Rojas.
Una explicación más técnica es que el dióxido de cloro (ClO2) o también conocido como “CDS” es un derivado del clorito de sodio (NaClO2), y desde la década de los 90 es promocionado como una “solución mineral milagrosa” (MMS, por sus siglas en inglés), pues supuestamente cura un sinfín de enfermedades que van desde el autismo hasta el Párkinson, la cirrosis hepática, la malaria, hasta y el cáncer. 
El dióxido de cloro (ClO2), como explicamos previamente, es un compuesto químico que consta de un átomo de cloro y dos átomos de oxígeno. 

Fórmula química del Dióxido de Cloro
Se trata de un gas de color rojizo a verde amarillento a temperatura ambiente que se disuelve en agua. Una vez que se forma la solución, el gas tiende a descomponerse en cloro, clorato y clorito cuando se expone a luz solar, altas temperaturas, chispas eléctricas, o presión alta.
El gas no puede comprimirse, ni distribuirse en cilindros, ni debe transportarse debido a su inestabilidad y alto poder explosivo que lo hacen un gas peligroso. 
¿Cómo se produce?
Generalmente, el dióxido de cloro se produce a partir de clorato de sodio o clorito de sodio (NaClO2) que se mezcla con un ácido (como el ácido clorhídrico). 

Para aplicaciones de desinfección se prepara a partir de clorito de sodio o con el método clorito-hipoclorito de sodio.

Preparación a partir de la oxidación del Clorito de Sodio con cloro, se obtiene dióxido de cloro ClO2 y la “sal” NaCl. Se suele usar en el laboratorio

Método del clorito más ácido clorhídrico (fórmula que se está vendiendo popularmente como kit para preparar en casa el CDS).
El dióxido de cloro tiene una amplia variedad de usos que van desde agente blanqueador de pulpa de papel, esterilizador de herramientas, superficies y habitaciones, y desinfectante a nivel industrial hasta desinfectante de agua potable.
Álvaro Andrés Cajigas Cerón, ingeniero sanitario de la Universidad del Valle con maestría en ingeniería, quien tiene experiencia en plantas de tratamientos de aguas en Colombia, le señaló a Colombiacheck al consultarle sobre el uso de esta sustancia: “El dióxido de cloro (ClO2) sí se usa para tratamiento de aguas, pero muy pocas plantas en el mundo lo emplean, porque hay que producirlo en la misma planta. En esas plantas el máximo remanente que se deja en el agua es de 1 p.p.m. (partes por millón). En Colombia en las plantas grandes usualmente se emplea Cl2, que llega líquido en contenedores, pero en sí es cloro gaseoso y máximo se deja un remanente de 2 p.p.m. Todos estos productos son tóxicos, oxidantes y corrosivos”.
Cajigas enfatizó que “en plantas pequeñas usan hipoclorito de sodio, que es lo que se consigue comercialmente como ‘límpido’, que fue la marca más popular por mucho tiempo”.
Aproximadamente el 5 por ciento de las más grandes plantas de tratamiento de agua (las cuales sirven a más de 100.000 personas) en Estados Unidos usan dióxido de cloro para el tratamiento de agua potable, explican los CDC. Se agrega al agua potable en concentraciones controladas, para proteger a la gente de los efectos nocivos de bacterias y otros microorganismos.
Así mismo, la ingeniera sanitaria Alexandra Cerón Vivas, con maestría en ingeniería civil de la Universidad de los Andes y PhD en Ingeniería Ambiental de la Universidad Autónoma de México, quien también ha realizado estudios de tratamientos de aguas, le dijo a Colombiacheck: “El dióxido de cloro sí se utiliza para potabilizar agua, pero con ciertas especificaciones, sólo se puede hacer a concentraciones muy bajas porque su uso puede formar unos subproductos que son los cloritos y cloratos, que son muy tóxicos”.
 En Colombia, un documento del Ministerio de Salud titulado “Reducción de riesgos asociados al uso de plaguicidas y desinfectantes”, publicado el 6 de mayo de 2020, clasifican el dióxido de cloro como desinfectante de alto nivel en la desinfección de áreas y superficies, mientras que el hipoclorito de sodio es un desinfectante de nivel intermedio. 
Por lo tanto, el dióxido de cloro sí es una sustancia usada en el tratamiento de aguas así como en otros múltiples usos industriales, pero aún así tiene potencial tóxico. 
Muchos como la actriz Cony Camelo, señalan que médicos y científicos en diferentes países apoyan el consumo de la sustancia, pero desde la OPS explicaron sobre este tema: “Eso es lo que se conoce como ‘a mí me funciona’, una estrategia anecdótica, de propaganda emocional que tiene como propósito introducir medidas y productos placebo cuya eficacia o efectividad no ha sido probada. El ‘a mí me funciona’ se basa en principios opuestos a la evidencia y métodos científicos”.
Hasta la fecha en ninguna base de datos científica (como Pubmed, Scielo, Litcovid) hay publicados estudios con validez científica sobre el uso del dióxido de cloro frente al SARS-CoV-2 en humanos.
Desde el 9 de abril del 2020, el Ministerio de Salud en Colombia alertó sobre el tema: “El ‘Suplemento Mineral Milagroso’ que contiene dióxido de cloro NO elimina el coronavirus. Ingerirlo puede causar complicaciones de salud, e incluso la muerte”. 
“En este momento hay miles de personas que están “comercializando” este producto, ¿quién garantiza que tiene la sustancia que se indica y en las concentraciones que se señalan? Por tanto, establecer la dosis no es lo más importante, sino que el producto no cuenta con los estudios experimentales en animales y en sujetos humanos para garantizar su eficacia y seguridad para el uso que se promociona en el tratamiento de las enfermedades”, enfatizaron desde la OPS. 
"
